name,image_name
アーバンけけ,music_01.png
アイリッシュそんぐ,music_02.png
アルペンそんぐ,music_03.png
アロハけけ,music_04.png
うたたねのゆめ,music_05.png
エレキそんぐ,music_06.png
おさんぽ,music_07.png
おととい,music_08.png
オンリーミー,music_09.png
かんがえちゅう,music_10.png
きみのたんじょうび,music_11.png
けけアイドル,music_12.png
けけアフロ,music_13.png
けけウエスタン,music_14.png
けけえんか,music_15.png
けけガムラン,music_16.png
けけカリプソ,music_17.png
けけカントリー,music_18.png
けけグルーヴ,music_19.png
けけけいじ,music_20.png
けけゴスペル,music_21.png
けけサルサ,music_22.png
けけサンバ,music_23.png
けけさんびか,music_24.png
けけジャズ,music_25.png
けけじょんがら,music_26.png
けけスウィング,music_27.png
けけスカ,music_28.png
けけせんせい,music_29.png
けけソウル,music_30.png
けけソング,music_31.png
けけだいみょう,music_32.png
けけタンゴ,music_33.png
けけチャイナ,music_34.png
けけディキシー,music_35.png
けけディスコ,music_36.png
けけトロニカ,music_37.png
けけのエチュード,music_38.png
けけのソナタ,music_39.png
けけのミロンガ,music_40.png
けけのロケンロール,music_41.png
けけハウス,music_42.png
けけバラッド,music_43.png
けけパリ,music_44.png
けけハリウッド,music_45.png
けけパレード,music_46.png
けけビリー,music_47.png
けけファンク,music_48.png
けけフュージョン,music_49.png
けけフラメンコ,music_50.png
けけブルース,music_51.png
けけボッサ,music_52.png
けけボレロ,music_53.png
けけマーチ,music_54.png
けけマハラジャ,music_55.png
けけマリア,music_56.png
けけマンボ,music_57.png
けけみんよう,music_58.png
けけメタル,music_59.png
けけラヴソング,music_60.png
けけララバイ,music_61.png
けけレゲエ,music_62.png
けけロック,music_63.png
けけロマ,music_64.png
けけワルツ,music_65.png
けけおんど,music_66.png
コサックそんぐ,music_67.png
こわいうた,music_68.png
しょうわけけかよう,music_69.png
セニョールけけ,music_70.png
だいすき,music_71.png
テクノビート,music_72.png
どうぶつのしま,music_73.png
ドラムンベース,music_74.png
トルコそんぐ,music_75.png
ナポリタン,music_76.png
ナミナミ,music_77.png
にだんざか,music_78.png
ニューオリンズそんぐ,music_79.png
ハイサイけけ,music_80.png
はるのこもれび,music_81.png
ふなうた2001,music_82.png
ブルーおにぎり,music_83.png
ペルーのうた,music_84.png
ほうろう,music_85.png
ぼくのばしょ,music_86.png
ミニマルおんがく,music_87.png
みんなあつまれ,music_88.png
もりのせいかつ,music_89.png
ユーロビート,music_90.png
ゆけ！けけライダー,music_91.png
ラグタイム,music_92.png
さよなら,music_93.png
どうぶつのまち,music_94.png
ドライブ,music_95.png